ADMI_CD,SIDO_NM,SGG_NM,ADMI_NM,FULL_NM
11110515,서울특별시,종로구,청운효자동,서울특별시_종로구_청운효자동
11110530,서울특별시,종로구,사직동,서울특별시_종로구_사직동
11110540,서울특별시,종로구,삼청동,서울특별시_종로구_삼청동
11110550,서울특별시,종로구,부암동,서울특별시_종로구_부암동
11110560,서울특별시,종로구,평창동,서울특별시_종로구_평창동
11110570,서울특별시,종로구,무악동,서울특별시_종로구_무악동
11110580,서울특별시,종로구,교남동,서울특별시_종로구_교남동
11110600,서울특별시,종로구,가회동,서울특별시_종로구_가회동
11110615,서울특별시,종로구,종로1.2.3.4가동,서울특별시_종로구_종로1.2.3.4가동
11110630,서울특별시,종로구,종로5.6가동,서울특별시_종로구_종로5.6가동
11110640,서울특별시,종로구,이화동,서울특별시_종로구_이화동
11110650,서울특별시,종로구,혜화동,서울특별시_종로구_혜화동
11110670,서울특별시,종로구,창신1동,서울특별시_종로구_창신1동
11110680,서울특별시,종로구,창신2동,서울특별시_종로구_창신2동
11110690,서울특별시,종로구,창신3동,서울특별시_종로구_창신3동
11110700,서울특별시,종로구,숭인1동,서울특별시_종로구_숭인1동
11110710,서울특별시,종로구,숭인2동,서울특별시_종로구_숭인2동
11140520,서울특별시,중구,소공동,서울특별시_중구_소공동
11140540,서울특별시,중구,회현동,서울특별시_중구_회현동
11140550,서울특별시,중구,명동,서울특별시_중구_명동
11140570,서울특별시,중구,필동,서울특별시_중구_필동
11140580,서울특별시,중구,장충동,서울특별시_중구_장충동
11140590,서울특별시,중구,광희동,서울특별시_중구_광희동
11140605,서울특별시,중구,을지로동,서울특별시_중구_을지로동
11140615,서울특별시,중구,신당동,서울특별시_중구_신당동
11140625,서울특별시,중구,다산동,서울특별시_중구_다산동
11140635,서울특별시,중구,약수동,서울특별시_중구_약수동
11140645,서울특별시,중구,청구동,서울특별시_중구_청구동
11140650,서울특별시,중구,신당5동,서울특별시_중구_신당5동
11140665,서울특별시,중구,동화동,서울특별시_중구_동화동
11140670,서울특별시,중구,황학동,서울특별시_중구_황학동
11140680,서울특별시,중구,중림동,서울특별시_중구_중림동
11170510,서울특별시,용산구,후암동,서울특별시_용산구_후암동
11170520,서울특별시,용산구,용산2가동,서울특별시_용산구_용산2가동
11170530,서울특별시,용산구,남영동,서울특별시_용산구_남영동
11170555,서울특별시,용산구,청파동,서울특별시_용산구_청파동
11170560,서울특별시,용산구,원효로1동,서울특별시_용산구_원효로1동
11170570,서울특별시,용산구,원효로2동,서울특별시_용산구_원효로2동
11170580,서울특별시,용산구,효창동,서울특별시_용산구_효창동
11170590,서울특별시,용산구,용문동,서울특별시_용산구_용문동
11170625,서울특별시,용산구,한강로동,서울특별시_용산구_한강로동
11170630,서울특별시,용산구,이촌1동,서울특별시_용산구_이촌1동
11170640,서울특별시,용산구,이촌2동,서울특별시_용산구_이촌2동
11170650,서울특별시,용산구,이태원1동,서울특별시_용산구_이태원1동
11170660,서울특별시,용산구,이태원2동,서울특별시_용산구_이태원2동
11170685,서울특별시,용산구,한남동,서울특별시_용산구_한남동
11170690,서울특별시,용산구,서빙고동,서울특별시_용산구_서빙고동
11170700,서울특별시,용산구,보광동,서울특별시_용산구_보광동
11200520,서울특별시,성동구,왕십리2동,서울특별시_성동구_왕십리2동
11200535,서울특별시,성동구,왕십리도선동,서울특별시_성동구_왕십리도선동
11200540,서울특별시,성동구,마장동,서울특별시_성동구_마장동
11200550,서울특별시,성동구,사근동,서울특별시_성동구_사근동
11200560,서울특별시,성동구,행당1동,서울특별시_성동구_행당1동
11200570,서울특별시,성동구,행당2동,서울특별시_성동구_행당2동
11200580,서울특별시,성동구,응봉동,서울특별시_성동구_응봉동
11200590,서울특별시,성동구,금호1가동,서울특별시_성동구_금호1가동
11200615,서울특별시,성동구,금호2.3가동,서울특별시_성동구_금호2.3가동
11200620,서울특별시,성동구,금호4가동,서울특별시_성동구_금호4가동
11200645,서울특별시,성동구,옥수동,서울특별시_성동구_옥수동
11200650,서울특별시,성동구,성수1가1동,서울특별시_성동구_성수1가1동
11200660,서울특별시,성동구,성수1가2동,서울특별시_성동구_성수1가2동
11200670,서울특별시,성동구,성수2가1동,서울특별시_성동구_성수2가1동
11200690,서울특별시,성동구,성수2가3동,서울특별시_성동구_성수2가3동
11200720,서울특별시,성동구,송정동,서울특별시_성동구_송정동
11200790,서울특별시,성동구,용답동,서울특별시_성동구_용답동
11215710,서울특별시,광진구,화양동,서울특별시_광진구_화양동
11215730,서울특별시,광진구,군자동,서울특별시_광진구_군자동
11215740,서울특별시,광진구,중곡1동,서울특별시_광진구_중곡1동
11215750,서울특별시,광진구,중곡2동,서울특별시_광진구_중곡2동
11215760,서울특별시,광진구,중곡3동,서울특별시_광진구_중곡3동
11215770,서울특별시,광진구,중곡4동,서울특별시_광진구_중곡4동
11215780,서울특별시,광진구,능동,서울특별시_광진구_능동
11215810,서울특별시,광진구,광장동,서울특별시_광진구_광장동
11215820,서울특별시,광진구,자양1동,서울특별시_광진구_자양1동
11215830,서울특별시,광진구,자양2동,서울특별시_광진구_자양2동
11215840,서울특별시,광진구,자양3동,서울특별시_광진구_자양3동
11215847,서울특별시,광진구,자양4동,서울특별시_광진구_자양4동
11215850,서울특별시,광진구,구의1동,서울특별시_광진구_구의1동
11215860,서울특별시,광진구,구의2동,서울특별시_광진구_구의2동
11215870,서울특별시,광진구,구의3동,서울특별시_광진구_구의3동
11230536,서울특별시,동대문구,용신동,서울특별시_동대문구_용신동
11230545,서울특별시,동대문구,제기동,서울특별시_동대문구_제기동
11230560,서울특별시,동대문구,전농1동,서울특별시_동대문구_전농1동
11230570,서울특별시,동대문구,전농2동,서울특별시_동대문구_전농2동
11230600,서울특별시,동대문구,답십리1동,서울특별시_동대문구_답십리1동
11230610,서울특별시,동대문구,답십리2동,서울특별시_동대문구_답십리2동
11230650,서울특별시,동대문구,장안1동,서울특별시_동대문구_장안1동
11230660,서울특별시,동대문구,장안2동,서울특별시_동대문구_장안2동
11230705,서울특별시,동대문구,청량리동,서울특별시_동대문구_청량리동
11230710,서울특별시,동대문구,회기동,서울특별시_동대문구_회기동
11230720,서울특별시,동대문구,휘경1동,서울특별시_동대문구_휘경1동
11230730,서울특별시,동대문구,휘경2동,서울특별시_동대문구_휘경2동
11230740,서울특별시,동대문구,이문1동,서울특별시_동대문구_이문1동
11230750,서울특별시,동대문구,이문2동,서울특별시_동대문구_이문2동
11260520,서울특별시,중랑구,면목2동,서울특별시_중랑구_면목2동
11260540,서울특별시,중랑구,면목4동,서울특별시_중랑구_면목4동
11260550,서울특별시,중랑구,면목5동,서울특별시_중랑구_면목5동
11260565,서울특별시,중랑구,면목본동,서울특별시_중랑구_면목본동
11260570,서울특별시,중랑구,면목7동,서울특별시_중랑구_면목7동
11260575,서울특별시,중랑구,면목3.8동,서울특별시_중랑구_면목3.8동
11260580,서울특별시,중랑구,상봉1동,서울특별시_중랑구_상봉1동
11260590,서울특별시,중랑구,상봉2동,서울특별시_중랑구_상봉2동
11260600,서울특별시,중랑구,중화1동,서울특별시_중랑구_중화1동
11260610,서울특별시,중랑구,중화2동,서울특별시_중랑구_중화2동
11260620,서울특별시,중랑구,묵1동,서울특별시_중랑구_묵1동
11260630,서울특별시,중랑구,묵2동,서울특별시_중랑구_묵2동
11260655,서울특별시,중랑구,망우본동,서울특별시_중랑구_망우본동
11260660,서울특별시,중랑구,망우3동,서울특별시_중랑구_망우3동
11260680,서울특별시,중랑구,신내1동,서울특별시_중랑구_신내1동
11260690,서울특별시,중랑구,신내2동,서울특별시_중랑구_신내2동
11290525,서울특별시,성북구,성북동,서울특별시_성북구_성북동
11290555,서울특별시,성북구,삼선동,서울특별시_성북구_삼선동
11290575,서울특별시,성북구,동선동,서울특별시_성북구_동선동
11290580,서울특별시,성북구,돈암1동,서울특별시_성북구_돈암1동
11290590,서울특별시,성북구,돈암2동,서울특별시_성북구_돈암2동
11290600,서울특별시,성북구,안암동,서울특별시_성북구_안암동
11290610,서울특별시,성북구,보문동,서울특별시_성북구_보문동
11290620,서울특별시,성북구,정릉1동,서울특별시_성북구_정릉1동
11290630,서울특별시,성북구,정릉2동,서울특별시_성북구_정릉2동
11290640,서울특별시,성북구,정릉3동,서울특별시_성북구_정릉3동
11290650,서울특별시,성북구,정릉4동,서울특별시_성북구_정릉4동
11290660,서울특별시,성북구,길음1동,서울특별시_성북구_길음1동
11290685,서울특별시,성북구,길음2동,서울특별시_성북구_길음2동
11290705,서울특별시,성북구,종암동,서울특별시_성북구_종암동
11290715,서울특별시,성북구,월곡1동,서울특별시_성북구_월곡1동
11290725,서울특별시,성북구,월곡2동,서울특별시_성북구_월곡2동
11290760,서울특별시,성북구,장위1동,서울특별시_성북구_장위1동
11290770,서울특별시,성북구,장위2동,서울특별시_성북구_장위2동
11290780,서울특별시,성북구,장위3동,서울특별시_성북구_장위3동
11290810,서울특별시,성북구,석관동,서울특별시_성북구_석관동
11305534,서울특별시,강북구,삼양동,서울특별시_강북구_삼양동
11305535,서울특별시,강북구,미아동,서울특별시_강북구_미아동
11305545,서울특별시,강북구,송중동,서울특별시_강북구_송중동
11305555,서울특별시,강북구,송천동,서울특별시_강북구_송천동
11305575,서울특별시,강북구,삼각산동,서울특별시_강북구_삼각산동
11305595,서울특별시,강북구,번1동,서울특별시_강북구_번1동
11305603,서울특별시,강북구,번2동,서울특별시_강북구_번2동
11305608,서울특별시,강북구,번3동,서울특별시_강북구_번3동
11305615,서울특별시,강북구,수유1동,서울특별시_강북구_수유1동
11305625,서울특별시,강북구,수유2동,서울특별시_강북구_수유2동
11305635,서울특별시,강북구,수유3동,서울특별시_강북구_수유3동
11305645,서울특별시,강북구,우이동,서울특별시_강북구_우이동
11305660,서울특별시,강북구,인수동,서울특별시_강북구_인수동
11320511,서울특별시,도봉구,창1동,서울특별시_도봉구_창1동
11320512,서울특별시,도봉구,창2동,서울특별시_도봉구_창2동
11320513,서울특별시,도봉구,창3동,서울특별시_도봉구_창3동
11320514,서울특별시,도봉구,창4동,서울특별시_도봉구_창4동
11320515,서울특별시,도봉구,창5동,서울특별시_도봉구_창5동
11320521,서울특별시,도봉구,도봉1동,서울특별시_도봉구_도봉1동
11320522,서울특별시,도봉구,도봉2동,서울특별시_도봉구_도봉2동
11320660,서울특별시,도봉구,쌍문1동,서울특별시_도봉구_쌍문1동
11320670,서울특별시,도봉구,쌍문2동,서울특별시_도봉구_쌍문2동
11320680,서울특별시,도봉구,쌍문3동,서울특별시_도봉구_쌍문3동
11320681,서울특별시,도봉구,쌍문4동,서울특별시_도봉구_쌍문4동
11320690,서울특별시,도봉구,방학1동,서울특별시_도봉구_방학1동
11320700,서울특별시,도봉구,방학2동,서울특별시_도봉구_방학2동
11320710,서울특별시,도봉구,방학3동,서울특별시_도봉구_방학3동
11350560,서울특별시,노원구,월계1동,서울특별시_노원구_월계1동
11350570,서울특별시,노원구,월계2동,서울특별시_노원구_월계2동
11350580,서울특별시,노원구,월계3동,서울특별시_노원구_월계3동
11350595,서울특별시,노원구,공릉1동,서울특별시_노원구_공릉1동
11350600,서울특별시,노원구,공릉2동,서울특별시_노원구_공릉2동
11350611,서울특별시,노원구,하계1동,서울특별시_노원구_하계1동
11350612,서울특별시,노원구,하계2동,서울특별시_노원구_하계2동
11350619,서울특별시,노원구,중계본동,서울특별시_노원구_중계본동
11350621,서울특별시,노원구,중계1동,서울특별시_노원구_중계1동
11350624,서울특별시,노원구,중계4동,서울특별시_노원구_중계4동
11350625,서울특별시,노원구,중계2.3동,서울특별시_노원구_중계2.3동
11350630,서울특별시,노원구,상계1동,서울특별시_노원구_상계1동
11350640,서울특별시,노원구,상계2동,서울특별시_노원구_상계2동
11350665,서울특별시,노원구,상계3.4동,서울특별시_노원구_상계3.4동
11350670,서울특별시,노원구,상계5동,서울특별시_노원구_상계5동
11350695,서울특별시,노원구,상계6.7동,서울특별시_노원구_상계6.7동
11350700,서울특별시,노원구,상계8동,서울특별시_노원구_상계8동
11350710,서울특별시,노원구,상계9동,서울특별시_노원구_상계9동
11350720,서울특별시,노원구,상계10동,서울특별시_노원구_상계10동
11380510,서울특별시,은평구,녹번동,서울특별시_은평구_녹번동
11380520,서울특별시,은평구,불광1동,서울특별시_은평구_불광1동
11380530,서울특별시,은평구,불광2동,서울특별시_은평구_불광2동
11380551,서울특별시,은평구,갈현1동,서울특별시_은평구_갈현1동
11380552,서울특별시,은평구,갈현2동,서울특별시_은평구_갈현2동
11380560,서울특별시,은평구,구산동,서울특별시_은평구_구산동
11380570,서울특별시,은평구,대조동,서울특별시_은평구_대조동
11380580,서울특별시,은평구,응암1동,서울특별시_은평구_응암1동
11380590,서울특별시,은평구,응암2동,서울특별시_은평구_응암2동
11380600,서울특별시,은평구,응암3동,서울특별시_은평구_응암3동
11380625,서울특별시,은평구,역촌동,서울특별시_은평구_역촌동
11380631,서울특별시,은평구,신사1동,서울특별시_은평구_신사1동
11380632,서울특별시,은평구,신사2동,서울특별시_은평구_신사2동
11380640,서울특별시,은평구,증산동,서울특별시_은평구_증산동
11380650,서울특별시,은평구,수색동,서울특별시_은평구_수색동
11380690,서울특별시,은평구,진관동,서울특별시_은평구_진관동
11410520,서울특별시,서대문구,천연동,서울특별시_서대문구_천연동
11410555,서울특별시,서대문구,북아현동,서울특별시_서대문구_북아현동
11410565,서울특별시,서대문구,충현동,서울특별시_서대문구_충현동
11410585,서울특별시,서대문구,신촌동,서울특별시_서대문구_신촌동
11410615,서울특별시,서대문구,연희동,서울특별시_서대문구_연희동
11410620,서울특별시,서대문구,홍제1동,서울특별시_서대문구_홍제1동
11410640,서울특별시,서대문구,홍제3동,서울특별시_서대문구_홍제3동
11410655,서울특별시,서대문구,홍제2동,서울특별시_서대문구_홍제2동
11410660,서울특별시,서대문구,홍은1동,서울특별시_서대문구_홍은1동
11410685,서울특별시,서대문구,홍은2동,서울특별시_서대문구_홍은2동
11410690,서울특별시,서대문구,남가좌1동,서울특별시_서대문구_남가좌1동
11410700,서울특별시,서대문구,남가좌2동,서울특별시_서대문구_남가좌2동
11410710,서울특별시,서대문구,북가좌1동,서울특별시_서대문구_북가좌1동
11410720,서울특별시,서대문구,북가좌2동,서울특별시_서대문구_북가좌2동
11440555,서울특별시,마포구,아현동,서울특별시_마포구_아현동
11440565,서울특별시,마포구,공덕동,서울특별시_마포구_공덕동
11440585,서울특별시,마포구,도화동,서울특별시_마포구_도화동
11440590,서울특별시,마포구,용강동,서울특별시_마포구_용강동
11440600,서울특별시,마포구,대흥동,서울특별시_마포구_대흥동
11440610,서울특별시,마포구,염리동,서울특별시_마포구_염리동
11440630,서울특별시,마포구,신수동,서울특별시_마포구_신수동
11440655,서울특별시,마포구,서강동,서울특별시_마포구_서강동
11440660,서울특별시,마포구,서교동,서울특별시_마포구_서교동
11440680,서울특별시,마포구,합정동,서울특별시_마포구_합정동
11440690,서울특별시,마포구,망원1동,서울특별시_마포구_망원1동
11440700,서울특별시,마포구,망원2동,서울특별시_마포구_망원2동
11440710,서울특별시,마포구,연남동,서울특별시_마포구_연남동
11440720,서울특별시,마포구,성산1동,서울특별시_마포구_성산1동
11440730,서울특별시,마포구,성산2동,서울특별시_마포구_성산2동
11440740,서울특별시,마포구,상암동,서울특별시_마포구_상암동
11470510,서울특별시,양천구,목1동,서울특별시_양천구_목1동
11470520,서울특별시,양천구,목2동,서울특별시_양천구_목2동
11470530,서울특별시,양천구,목3동,서울특별시_양천구_목3동
11470540,서울특별시,양천구,목4동,서울특별시_양천구_목4동
11470550,서울특별시,양천구,목5동,서울특별시_양천구_목5동
11470560,서울특별시,양천구,신월1동,서울특별시_양천구_신월1동
11470570,서울특별시,양천구,신월2동,서울특별시_양천구_신월2동
11470580,서울특별시,양천구,신월3동,서울특별시_양천구_신월3동
11470590,서울특별시,양천구,신월4동,서울특별시_양천구_신월4동
11470600,서울특별시,양천구,신월5동,서울특별시_양천구_신월5동
11470610,서울특별시,양천구,신월6동,서울특별시_양천구_신월6동
11470611,서울특별시,양천구,신월7동,서울특별시_양천구_신월7동
11470620,서울특별시,양천구,신정1동,서울특별시_양천구_신정1동
11470630,서울특별시,양천구,신정2동,서울특별시_양천구_신정2동
11470640,서울특별시,양천구,신정3동,서울특별시_양천구_신정3동
11470650,서울특별시,양천구,신정4동,서울특별시_양천구_신정4동
11470670,서울특별시,양천구,신정6동,서울특별시_양천구_신정6동
11470680,서울특별시,양천구,신정7동,서울특별시_양천구_신정7동
11500510,서울특별시,강서구,염창동,서울특별시_강서구_염창동
11500520,서울특별시,강서구,등촌1동,서울특별시_강서구_등촌1동
11500530,서울특별시,강서구,등촌2동,서울특별시_강서구_등촌2동
11500535,서울특별시,강서구,등촌3동,서울특별시_강서구_등촌3동
11500540,서울특별시,강서구,화곡1동,서울특별시_강서구_화곡1동
11500550,서울특별시,강서구,화곡2동,서울특별시_강서구_화곡2동
11500560,서울특별시,강서구,화곡3동,서울특별시_강서구_화곡3동
11500570,서울특별시,강서구,화곡4동,서울특별시_강서구_화곡4동
11500590,서울특별시,강서구,화곡본동,서울특별시_강서구_화곡본동
11500591,서울특별시,강서구,화곡6동,서울특별시_강서구_화곡6동
11500593,서울특별시,강서구,화곡8동,서울특별시_강서구_화곡8동
11500603,서울특별시,강서구,가양1동,서울특별시_강서구_가양1동
11500604,서울특별시,강서구,가양2동,서울특별시_강서구_가양2동
11500605,서울특별시,강서구,가양3동,서울특별시_강서구_가양3동
11500611,서울특별시,강서구,발산1동,서울특별시_강서구_발산1동
11500615,서울특별시,강서구,우장산동,서울특별시_강서구_우장산동
11500620,서울특별시,강서구,공항동,서울특별시_강서구_공항동
11500630,서울특별시,강서구,방화1동,서울특별시_강서구_방화1동
11500640,서울특별시,강서구,방화2동,서울특별시_강서구_방화2동
11500641,서울특별시,강서구,방화3동,서울특별시_강서구_방화3동
11530510,서울특별시,구로구,신도림동,서울특별시_구로구_신도림동
11530520,서울특별시,구로구,구로1동,서울특별시_구로구_구로1동
11530530,서울특별시,구로구,구로2동,서울특별시_구로구_구로2동
11530540,서울특별시,구로구,구로3동,서울특별시_구로구_구로3동
11530550,서울특별시,구로구,구로4동,서울특별시_구로구_구로4동
11530560,서울특별시,구로구,구로5동,서울특별시_구로구_구로5동
11530595,서울특별시,구로구,가리봉동,서울특별시_구로구_가리봉동
11530720,서울특별시,구로구,고척1동,서울특별시_구로구_고척1동
11530730,서울특별시,구로구,고척2동,서울특별시_구로구_고척2동
11530740,서울특별시,구로구,개봉1동,서울특별시_구로구_개봉1동
11530750,서울특별시,구로구,개봉2동,서울특별시_구로구_개봉2동
11530760,서울특별시,구로구,개봉3동,서울특별시_구로구_개봉3동
11530770,서울특별시,구로구,오류1동,서울특별시_구로구_오류1동
11530780,서울특별시,구로구,오류2동,서울특별시_구로구_오류2동
11530790,서울특별시,구로구,수궁동,서울특별시_구로구_수궁동
11530800,서울특별시,구로구,항동,서울특별시_구로구_항동
11545510,서울특별시,금천구,가산동,서울특별시_금천구_가산동
11545610,서울특별시,금천구,독산1동,서울특별시_금천구_독산1동
11545620,서울특별시,금천구,독산2동,서울특별시_금천구_독산2동
11545630,서울특별시,금천구,독산3동,서울특별시_금천구_독산3동
11545640,서울특별시,금천구,독산4동,서울특별시_금천구_독산4동
11545670,서울특별시,금천구,시흥1동,서울특별시_금천구_시흥1동
11545680,서울특별시,금천구,시흥2동,서울특별시_금천구_시흥2동
11545690,서울특별시,금천구,시흥3동,서울특별시_금천구_시흥3동
11545700,서울특별시,금천구,시흥4동,서울특별시_금천구_시흥4동
11545710,서울특별시,금천구,시흥5동,서울특별시_금천구_시흥5동
11560515,서울특별시,영등포구,영등포본동,서울특별시_영등포구_영등포본동
11560535,서울특별시,영등포구,영등포동,서울특별시_영등포구_영등포동
11560540,서울특별시,영등포구,여의동,서울특별시_영등포구_여의동
11560550,서울특별시,영등포구,당산1동,서울특별시_영등포구_당산1동
11560560,서울특별시,영등포구,당산2동,서울특별시_영등포구_당산2동
11560585,서울특별시,영등포구,도림동,서울특별시_영등포구_도림동
11560605,서울특별시,영등포구,문래동,서울특별시_영등포구_문래동
11560610,서울특별시,영등포구,양평1동,서울특별시_영등포구_양평1동
11560620,서울특별시,영등포구,양평2동,서울특별시_영등포구_양평2동
11560630,서울특별시,영등포구,신길1동,서울특별시_영등포구_신길1동
11560650,서울특별시,영등포구,신길3동,서울특별시_영등포구_신길3동
11560660,서울특별시,영등포구,신길4동,서울특별시_영등포구_신길4동
11560670,서울특별시,영등포구,신길5동,서울특별시_영등포구_신길5동
11560680,서울특별시,영등포구,신길6동,서울특별시_영등포구_신길6동
11560690,서울특별시,영등포구,신길7동,서울특별시_영등포구_신길7동
11560700,서울특별시,영등포구,대림1동,서울특별시_영등포구_대림1동
11560710,서울특별시,영등포구,대림2동,서울특별시_영등포구_대림2동
11560720,서울특별시,영등포구,대림3동,서울특별시_영등포구_대림3동
11590510,서울특별시,동작구,노량진1동,서울특별시_동작구_노량진1동
11590520,서울특별시,동작구,노량진2동,서울특별시_동작구_노량진2동
11590530,서울특별시,동작구,상도1동,서울특별시_동작구_상도1동
11590540,서울특별시,동작구,상도2동,서울특별시_동작구_상도2동
11590550,서울특별시,동작구,상도3동,서울특별시_동작구_상도3동
11590560,서울특별시,동작구,상도4동,서울특별시_동작구_상도4동
11590605,서울특별시,동작구,흑석동,서울특별시_동작구_흑석동
11590620,서울특별시,동작구,사당1동,서울특별시_동작구_사당1동
11590630,서울특별시,동작구,사당2동,서울특별시_동작구_사당2동
11590640,서울특별시,동작구,사당3동,서울특별시_동작구_사당3동
11590650,서울특별시,동작구,사당4동,서울특별시_동작구_사당4동
11590651,서울특별시,동작구,사당5동,서울특별시_동작구_사당5동
11590660,서울특별시,동작구,대방동,서울특별시_동작구_대방동
11590670,서울특별시,동작구,신대방1동,서울특별시_동작구_신대방1동
11590680,서울특별시,동작구,신대방2동,서울특별시_동작구_신대방2동
11620525,서울특별시,관악구,보라매동,서울특별시_관악구_보라매동
11620545,서울특별시,관악구,청림동,서울특별시_관악구_청림동
11620565,서울특별시,관악구,성현동,서울특별시_관악구_성현동
11620575,서울특별시,관악구,행운동,서울특별시_관악구_행운동
11620585,서울특별시,관악구,낙성대동,서울특별시_관악구_낙성대동
11620595,서울특별시,관악구,청룡동,서울특별시_관악구_청룡동
11620605,서울특별시,관악구,은천동,서울특별시_관악구_은천동
11620615,서울특별시,관악구,중앙동,서울특별시_관악구_중앙동
11620625,서울특별시,관악구,인헌동,서울특별시_관악구_인헌동
11620630,서울특별시,관악구,남현동,서울특별시_관악구_남현동
11620645,서울특별시,관악구,서원동,서울특별시_관악구_서원동
11620655,서울특별시,관악구,신원동,서울특별시_관악구_신원동
11620665,서울특별시,관악구,서림동,서울특별시_관악구_서림동
11620685,서울특별시,관악구,신사동,서울특별시_관악구_신사동
11620695,서울특별시,관악구,신림동,서울특별시_관악구_신림동
11620715,서울특별시,관악구,난향동,서울특별시_관악구_난향동
11620725,서울특별시,관악구,조원동,서울특별시_관악구_조원동
11620735,서울특별시,관악구,대학동,서울특별시_관악구_대학동
11620745,서울특별시,관악구,삼성동,서울특별시_관악구_삼성동
11620765,서울특별시,관악구,미성동,서울특별시_관악구_미성동
11620775,서울특별시,관악구,난곡동,서울특별시_관악구_난곡동
11650510,서울특별시,서초구,서초1동,서울특별시_서초구_서초1동
11650520,서울특별시,서초구,서초2동,서울특별시_서초구_서초2동
11650530,서울특별시,서초구,서초3동,서울특별시_서초구_서초3동
11650531,서울특별시,서초구,서초4동,서울특별시_서초구_서초4동
11650540,서울특별시,서초구,잠원동,서울특별시_서초구_잠원동
11650550,서울특별시,서초구,반포본동,서울특별시_서초구_반포본동
11650560,서울특별시,서초구,반포1동,서울특별시_서초구_반포1동
11650570,서울특별시,서초구,반포2동,서울특별시_서초구_반포2동
11650580,서울특별시,서초구,반포3동,서울특별시_서초구_반포3동
11650581,서울특별시,서초구,반포4동,서울특별시_서초구_반포4동
11650590,서울특별시,서초구,방배본동,서울특별시_서초구_방배본동
11650600,서울특별시,서초구,방배1동,서울특별시_서초구_방배1동
11650610,서울특별시,서초구,방배2동,서울특별시_서초구_방배2동
11650620,서울특별시,서초구,방배3동,서울특별시_서초구_방배3동
11650621,서울특별시,서초구,방배4동,서울특별시_서초구_방배4동
11650651,서울특별시,서초구,양재1동,서울특별시_서초구_양재1동
11650652,서울특별시,서초구,양재2동,서울특별시_서초구_양재2동
11650660,서울특별시,서초구,내곡동,서울특별시_서초구_내곡동
11680510,서울특별시,강남구,신사동,서울특별시_강남구_신사동
11680521,서울특별시,강남구,논현1동,서울특별시_강남구_논현1동
11680531,서울특별시,강남구,논현2동,서울특별시_강남구_논현2동
11680545,서울특별시,강남구,압구정동,서울특별시_강남구_압구정동
11680565,서울특별시,강남구,청담동,서울특별시_강남구_청담동
11680580,서울특별시,강남구,삼성1동,서울특별시_강남구_삼성1동
11680590,서울특별시,강남구,삼성2동,서울특별시_강남구_삼성2동
11680600,서울특별시,강남구,대치1동,서울특별시_강남구_대치1동
11680610,서울특별시,강남구,대치2동,서울특별시_강남구_대치2동
11680630,서울특별시,강남구,대치4동,서울특별시_강남구_대치4동
11680640,서울특별시,강남구,역삼1동,서울특별시_강남구_역삼1동
11680650,서울특별시,강남구,역삼2동,서울특별시_강남구_역삼2동
11680655,서울특별시,강남구,도곡1동,서울특별시_강남구_도곡1동
11680656,서울특별시,강남구,도곡2동,서울특별시_강남구_도곡2동
11680660,서울특별시,강남구,개포1동,서울특별시_강남구_개포1동
11680670,서울특별시,강남구,개포2동,서울특별시_강남구_개포2동
11680675,서울특별시,강남구,개포3동,서울특별시_강남구_개포3동
11680690,서울특별시,강남구,개포4동,서울특별시_강남구_개포4동
11680700,서울특별시,강남구,세곡동,서울특별시_강남구_세곡동
11680720,서울특별시,강남구,일원본동,서울특별시_강남구_일원본동
11680730,서울특별시,강남구,일원1동,서울특별시_강남구_일원1동
11680750,서울특별시,강남구,수서동,서울특별시_강남구_수서동
11710510,서울특별시,송파구,풍납1동,서울특별시_송파구_풍납1동
11710520,서울특별시,송파구,풍납2동,서울특별시_송파구_풍납2동
11710531,서울특별시,송파구,거여1동,서울특별시_송파구_거여1동
11710532,서울특별시,송파구,거여2동,서울특별시_송파구_거여2동
11710540,서울특별시,송파구,마천1동,서울특별시_송파구_마천1동
11710550,서울특별시,송파구,마천2동,서울특별시_송파구_마천2동
11710561,서울특별시,송파구,방이1동,서울특별시_송파구_방이1동
11710562,서울특별시,송파구,방이2동,서울특별시_송파구_방이2동
11710566,서울특별시,송파구,오륜동,서울특별시_송파구_오륜동
11710570,서울특별시,송파구,오금동,서울특별시_송파구_오금동
11710580,서울특별시,송파구,송파1동,서울특별시_송파구_송파1동
11710590,서울특별시,송파구,송파2동,서울특별시_송파구_송파2동
11710600,서울특별시,송파구,석촌동,서울특별시_송파구_석촌동
11710610,서울특별시,송파구,삼전동,서울특별시_송파구_삼전동
11710620,서울특별시,송파구,가락본동,서울특별시_송파구_가락본동
11710631,서울특별시,송파구,가락1동,서울특별시_송파구_가락1동
11710632,서울특별시,송파구,가락2동,서울특별시_송파구_가락2동
11710641,서울특별시,송파구,문정1동,서울특별시_송파구_문정1동
11710642,서울특별시,송파구,문정2동,서울특별시_송파구_문정2동
11710646,서울특별시,송파구,장지동,서울특별시_송파구_장지동
11710647,서울특별시,송파구,위례동,서울특별시_송파구_위례동
11710650,서울특별시,송파구,잠실본동,서울특별시_송파구_잠실본동
11710670,서울특별시,송파구,잠실2동,서울특별시_송파구_잠실2동
11710680,서울특별시,송파구,잠실3동,서울특별시_송파구_잠실3동
11710690,서울특별시,송파구,잠실4동,서울특별시_송파구_잠실4동
11710710,서울특별시,송파구,잠실6동,서울특별시_송파구_잠실6동
11710720,서울특별시,송파구,잠실7동,서울특별시_송파구_잠실7동
11740515,서울특별시,강동구,강일동,서울특별시_강동구_강일동
11740525,서울특별시,강동구,상일1동,서울특별시_강동구_상일1동
11740526,서울특별시,강동구,상일2동,서울특별시_강동구_상일2동
11740530,서울특별시,강동구,명일1동,서울특별시_강동구_명일1동
11740540,서울특별시,강동구,명일2동,서울특별시_강동구_명일2동
11740550,서울특별시,강동구,고덕1동,서울특별시_강동구_고덕1동
11740560,서울특별시,강동구,고덕2동,서울특별시_강동구_고덕2동
11740570,서울특별시,강동구,암사1동,서울특별시_강동구_암사1동
11740580,서울특별시,강동구,암사2동,서울특별시_강동구_암사2동
11740590,서울특별시,강동구,암사3동,서울특별시_강동구_암사3동
11740600,서울특별시,강동구,천호1동,서울특별시_강동구_천호1동
11740610,서울특별시,강동구,천호2동,서울특별시_강동구_천호2동
11740620,서울특별시,강동구,천호3동,서울특별시_강동구_천호3동
11740640,서울특별시,강동구,성내1동,서울특별시_강동구_성내1동
11740650,서울특별시,강동구,성내2동,서울특별시_강동구_성내2동
11740660,서울특별시,강동구,성내3동,서울특별시_강동구_성내3동
11740685,서울특별시,강동구,길동,서울특별시_강동구_길동
11740690,서울특별시,강동구,둔촌1동,서울특별시_강동구_둔촌1동
11740700,서울특별시,강동구,둔촌2동,서울특별시_강동구_둔촌2동
28110520,인천광역시,중구,연안동,인천광역시_중구_연안동
28110530,인천광역시,중구,신포동,인천광역시_중구_신포동
28110540,인천광역시,중구,신흥동,인천광역시_중구_신흥동
28110560,인천광역시,중구,도원동,인천광역시_중구_도원동
28110570,인천광역시,중구,율목동,인천광역시_중구_율목동
28110585,인천광역시,중구,동인천동,인천광역시_중구_동인천동
28110615,인천광역시,중구,개항동,인천광역시_중구_개항동
28110620,인천광역시,중구,영종동,인천광역시_중구_영종동
28110622,인천광역시,중구,영종1동,인천광역시_중구_영종1동
28110623,인천광역시,중구,영종2동,인천광역시_중구_영종2동
28110628,인천광역시,중구,운서동,인천광역시_중구_운서동
28110630,인천광역시,중구,용유동,인천광역시_중구_용유동
28140510,인천광역시,동구,만석동,인천광역시_동구_만석동
28140525,인천광역시,동구,화수1.화평동,인천광역시_동구_화수1.화평동
28140530,인천광역시,동구,화수2동,인천광역시_동구_화수2동
28140555,인천광역시,동구,송현1.2동,인천광역시_동구_송현1.2동
28140570,인천광역시,동구,송현3동,인천광역시_동구_송현3동
28140580,인천광역시,동구,송림1동,인천광역시_동구_송림1동
28140590,인천광역시,동구,송림2동,인천광역시_동구_송림2동
28140605,인천광역시,동구,송림3.5동,인천광역시_동구_송림3.5동
28140610,인천광역시,동구,송림4동,인천광역시_동구_송림4동
28140630,인천광역시,동구,송림6동,인천광역시_동구_송림6동
28140640,인천광역시,동구,금창동,인천광역시_동구_금창동
28177510,인천광역시,미추홀구,숭의2동,인천광역시_미추홀구_숭의2동
28177520,인천광역시,미추홀구,숭의1.3동,인천광역시_미추홀구_숭의1.3동
28177530,인천광역시,미추홀구,숭의4동,인천광역시_미추홀구_숭의4동
28177540,인천광역시,미추홀구,용현1.4동,인천광역시_미추홀구_용현1.4동
28177550,인천광역시,미추홀구,용현2동,인천광역시_미추홀구_용현2동
28177560,인천광역시,미추홀구,용현3동,인천광역시_미추홀구_용현3동
28177570,인천광역시,미추홀구,용현5동,인천광역시_미추홀구_용현5동
28177580,인천광역시,미추홀구,학익1동,인천광역시_미추홀구_학익1동
28177590,인천광역시,미추홀구,학익2동,인천광역시_미추홀구_학익2동
28177600,인천광역시,미추홀구,도화1동,인천광역시_미추홀구_도화1동
28177610,인천광역시,미추홀구,도화2.3동,인천광역시_미추홀구_도화2.3동
28177620,인천광역시,미추홀구,주안1동,인천광역시_미추홀구_주안1동
28177630,인천광역시,미추홀구,주안2동,인천광역시_미추홀구_주안2동
28177640,인천광역시,미추홀구,주안3동,인천광역시_미추홀구_주안3동
28177650,인천광역시,미추홀구,주안4동,인천광역시_미추홀구_주안4동
28177660,인천광역시,미추홀구,주안5동,인천광역시_미추홀구_주안5동
28177670,인천광역시,미추홀구,주안6동,인천광역시_미추홀구_주안6동
28177680,인천광역시,미추홀구,주안7동,인천광역시_미추홀구_주안7동
28177690,인천광역시,미추홀구,주안8동,인천광역시_미추홀구_주안8동
28177700,인천광역시,미추홀구,관교동,인천광역시_미추홀구_관교동
28177710,인천광역시,미추홀구,문학동,인천광역시_미추홀구_문학동
28185630,인천광역시,연수구,옥련1동,인천광역시_연수구_옥련1동
28185640,인천광역시,연수구,옥련2동,인천광역시_연수구_옥련2동
28185750,인천광역시,연수구,선학동,인천광역시_연수구_선학동
28185761,인천광역시,연수구,연수1동,인천광역시_연수구_연수1동
28185762,인천광역시,연수구,연수2동,인천광역시_연수구_연수2동
28185763,인천광역시,연수구,연수3동,인천광역시_연수구_연수3동
28185766,인천광역시,연수구,청학동,인천광역시_연수구_청학동
28185780,인천광역시,연수구,동춘1동,인천광역시_연수구_동춘1동
28185790,인천광역시,연수구,동춘2동,인천광역시_연수구_동춘2동
28185795,인천광역시,연수구,동춘3동,인천광역시_연수구_동춘3동
28185820,인천광역시,연수구,송도1동,인천광역시_연수구_송도1동
28185830,인천광역시,연수구,송도2동,인천광역시_연수구_송도2동
28185840,인천광역시,연수구,송도3동,인천광역시_연수구_송도3동
28185850,인천광역시,연수구,송도4동,인천광역시_연수구_송도4동
28185860,인천광역시,연수구,송도5동,인천광역시_연수구_송도5동
28200510,인천광역시,남동구,구월1동,인천광역시_남동구_구월1동
28200520,인천광역시,남동구,구월2동,인천광역시_남동구_구월2동
28200521,인천광역시,남동구,구월3동,인천광역시_남동구_구월3동
28200522,인천광역시,남동구,구월4동,인천광역시_남동구_구월4동
28200530,인천광역시,남동구,간석1동,인천광역시_남동구_간석1동
28200540,인천광역시,남동구,간석2동,인천광역시_남동구_간석2동
28200550,인천광역시,남동구,간석3동,인천광역시_남동구_간석3동
28200551,인천광역시,남동구,간석4동,인천광역시_남동구_간석4동
28200560,인천광역시,남동구,만수1동,인천광역시_남동구_만수1동
28200570,인천광역시,남동구,만수2동,인천광역시_남동구_만수2동
28200580,인천광역시,남동구,만수3동,인천광역시_남동구_만수3동
28200581,인천광역시,남동구,만수4동,인천광역시_남동구_만수4동
28200582,인천광역시,남동구,만수5동,인천광역시_남동구_만수5동
28200583,인천광역시,남동구,만수6동,인천광역시_남동구_만수6동
28200650,인천광역시,남동구,장수서창동,인천광역시_남동구_장수서창동
28200655,인천광역시,남동구,서창2동,인천광역시_남동구_서창2동
28200660,인천광역시,남동구,남촌도림동,인천광역시_남동구_남촌도림동
28200690,인천광역시,남동구,논현1동,인천광역시_남동구_논현1동
28200700,인천광역시,남동구,논현2동,인천광역시_남동구_논현2동
28200710,인천광역시,남동구,논현고잔동,인천광역시_남동구_논현고잔동
28237510,인천광역시,부평구,부평1동,인천광역시_부평구_부평1동
28237520,인천광역시,부평구,부평2동,인천광역시_부평구_부평2동
28237530,인천광역시,부평구,부평3동,인천광역시_부평구_부평3동
28237540,인천광역시,부평구,부평4동,인천광역시_부평구_부평4동
28237550,인천광역시,부평구,부평5동,인천광역시_부평구_부평5동
28237560,인천광역시,부평구,부평6동,인천광역시_부평구_부평6동
28237570,인천광역시,부평구,산곡1동,인천광역시_부평구_산곡1동
28237580,인천광역시,부평구,산곡2동,인천광역시_부평구_산곡2동
28237581,인천광역시,부평구,산곡3동,인천광역시_부평구_산곡3동
28237582,인천광역시,부평구,산곡4동,인천광역시_부평구_산곡4동
28237591,인천광역시,부평구,청천1동,인천광역시_부평구_청천1동
28237592,인천광역시,부평구,청천2동,인천광역시_부평구_청천2동
28237641,인천광역시,부평구,갈산1동,인천광역시_부평구_갈산1동
28237642,인천광역시,부평구,갈산2동,인천광역시_부평구_갈산2동
28237646,인천광역시,부평구,삼산1동,인천광역시_부평구_삼산1동
28237648,인천광역시,부평구,삼산2동,인천광역시_부평구_삼산2동
28237650,인천광역시,부평구,부개1동,인천광역시_부평구_부개1동
28237660,인천광역시,부평구,부개2동,인천광역시_부평구_부개2동
28237661,인천광역시,부평구,부개3동,인천광역시_부평구_부개3동
28237670,인천광역시,부평구,일신동,인천광역시_부평구_일신동
28237680,인천광역시,부평구,십정1동,인천광역시_부평구_십정1동
28237690,인천광역시,부평구,십정2동,인천광역시_부평구_십정2동
28245601,인천광역시,계양구,효성1동,인천광역시_계양구_효성1동
28245602,인천광역시,계양구,효성2동,인천광역시_계양구_효성2동
28245611,인천광역시,계양구,계산1동,인천광역시_계양구_계산1동
28245612,인천광역시,계양구,계산2동,인천광역시_계양구_계산2동
28245613,인천광역시,계양구,계산3동,인천광역시_계양구_계산3동
28245614,인천광역시,계양구,계산4동,인천광역시_계양구_계산4동
28245621,인천광역시,계양구,작전1동,인천광역시_계양구_작전1동
28245622,인천광역시,계양구,작전2동,인천광역시_계양구_작전2동
28245640,인천광역시,계양구,작전서운동,인천광역시_계양구_작전서운동
28245710,인천광역시,계양구,계양1동,인천광역시_계양구_계양1동
28245720,인천광역시,계양구,계양2동,인천광역시_계양구_계양2동
28245730,인천광역시,계양구,계양3동,인천광역시_계양구_계양3동
28260515,인천광역시,서구,검암경서동,인천광역시_서구_검암경서동
28260530,인천광역시,서구,연희동,인천광역시_서구_연희동
28260536,인천광역시,서구,청라1동,인천광역시_서구_청라1동
28260537,인천광역시,서구,청라2동,인천광역시_서구_청라2동
28260539,인천광역시,서구,청라3동,인천광역시_서구_청라3동
28260542,인천광역시,서구,가정1동,인천광역시_서구_가정1동
28260543,인천광역시,서구,가정2동,인천광역시_서구_가정2동
28260544,인천광역시,서구,가정3동,인천광역시_서구_가정3동
28260550,인천광역시,서구,석남1동,인천광역시_서구_석남1동
28260560,인천광역시,서구,석남2동,인천광역시_서구_석남2동
28260561,인천광역시,서구,석남3동,인천광역시_서구_석남3동
28260575,인천광역시,서구,신현원창동,인천광역시_서구_신현원창동
28260580,인천광역시,서구,가좌1동,인천광역시_서구_가좌1동
28260590,인천광역시,서구,가좌2동,인천광역시_서구_가좌2동
28260600,인천광역시,서구,가좌3동,인천광역시_서구_가좌3동
28260610,인천광역시,서구,가좌4동,인천광역시_서구_가좌4동
28260680,인천광역시,서구,검단동,인천광역시_서구_검단동
28260690,인천광역시,서구,불로대곡동,인천광역시_서구_불로대곡동
28260700,인천광역시,서구,원당동,인천광역시_서구_원당동
28260710,인천광역시,서구,당하동,인천광역시_서구_당하동
28260720,인천광역시,서구,오류왕길동,인천광역시_서구_오류왕길동
28260730,인천광역시,서구,마전동,인천광역시_서구_마전동
28260740,인천광역시,서구,아라동,인천광역시_서구_아라동
28710250,인천광역시,강화군,강화읍,인천광역시_강화군_강화읍
28710310,인천광역시,강화군,선원면,인천광역시_강화군_선원면
28710320,인천광역시,강화군,불은면,인천광역시_강화군_불은면
28710330,인천광역시,강화군,길상면,인천광역시_강화군_길상면
28710340,인천광역시,강화군,화도면,인천광역시_강화군_화도면
28710350,인천광역시,강화군,양도면,인천광역시_강화군_양도면
28710360,인천광역시,강화군,내가면,인천광역시_강화군_내가면
28710370,인천광역시,강화군,하점면,인천광역시_강화군_하점면
28710380,인천광역시,강화군,양사면,인천광역시_강화군_양사면
28710390,인천광역시,강화군,송해면,인천광역시_강화군_송해면
28710400,인천광역시,강화군,교동면,인천광역시_강화군_교동면
28710410,인천광역시,강화군,삼산면,인천광역시_강화군_삼산면
28710420,인천광역시,강화군,서도면,인천광역시_강화군_서도면
28720310,인천광역시,옹진군,북도면,인천광역시_옹진군_북도면
28720330,인천광역시,옹진군,백령면,인천광역시_옹진군_백령면
28720340,인천광역시,옹진군,대청면,인천광역시_옹진군_대청면
28720350,인천광역시,옹진군,덕적면,인천광역시_옹진군_덕적면
28720360,인천광역시,옹진군,영흥면,인천광역시_옹진군_영흥면
28720370,인천광역시,옹진군,자월면,인천광역시_옹진군_자월면
28720380,인천광역시,옹진군,연평면,인천광역시_옹진군_연평면
41111560,경기도,수원시 장안구,파장동,경기도_수원시_장안구_파장동
41111566,경기도,수원시 장안구,율천동,경기도_수원시_장안구_율천동
41111571,경기도,수원시 장안구,정자1동,경기도_수원시_장안구_정자1동
41111572,경기도,수원시 장안구,정자2동,경기도_수원시_장안구_정자2동
41111573,경기도,수원시 장안구,정자3동,경기도_수원시_장안구_정자3동
41111580,경기도,수원시 장안구,영화동,경기도_수원시_장안구_영화동
41111591,경기도,수원시 장안구,송죽동,경기도_수원시_장안구_송죽동
41111597,경기도,수원시 장안구,조원1동,경기도_수원시_장안구_조원1동
41111598,경기도,수원시 장안구,조원2동,경기도_수원시_장안구_조원2동
41111600,경기도,수원시 장안구,연무동,경기도_수원시_장안구_연무동
41113520,경기도,수원시 권선구,세류1동,경기도_수원시_권선구_세류1동
41113530,경기도,수원시 권선구,세류2동,경기도_수원시_권선구_세류2동
41113540,경기도,수원시 권선구,세류3동,경기도_수원시_권선구_세류3동
41113550,경기도,수원시 권선구,평동,경기도_수원시_권선구_평동
41113560,경기도,수원시 권선구,서둔동,경기도_수원시_권선구_서둔동
41113650,경기도,수원시 권선구,구운동,경기도_수원시_권선구_구운동
41113662,경기도,수원시 권선구,금곡동,경기도_수원시_권선구_금곡동
41113664,경기도,수원시 권선구,호매실동,경기도_수원시_권선구_호매실동
41113670,경기도,수원시 권선구,권선1동,경기도_수원시_권선구_권선1동
41113680,경기도,수원시 권선구,권선2동,경기도_수원시_권선구_권선2동
41113690,경기도,수원시 권선구,곡선동,경기도_수원시_권선구_곡선동
41113700,경기도,수원시 권선구,입북동,경기도_수원시_권선구_입북동
41115650,경기도,수원시 팔달구,매교동,경기도_수원시_팔달구_매교동
41115660,경기도,수원시 팔달구,매산동,경기도_수원시_팔달구_매산동
41115670,경기도,수원시 팔달구,고등동,경기도_수원시_팔달구_고등동
41115680,경기도,수원시 팔달구,화서1동,경기도_수원시_팔달구_화서1동
41115690,경기도,수원시 팔달구,화서2동,경기도_수원시_팔달구_화서2동
41115700,경기도,수원시 팔달구,지동,경기도_수원시_팔달구_지동
41115710,경기도,수원시 팔달구,우만1동,경기도_수원시_팔달구_우만1동
41115720,경기도,수원시 팔달구,우만2동,경기도_수원시_팔달구_우만2동
41115730,경기도,수원시 팔달구,인계동,경기도_수원시_팔달구_인계동
41115740,경기도,수원시 팔달구,행궁동,경기도_수원시_팔달구_행궁동
41117510,경기도,수원시 영통구,매탄1동,경기도_수원시_영통구_매탄1동
41117520,경기도,수원시 영통구,매탄2동,경기도_수원시_영통구_매탄2동
41117530,경기도,수원시 영통구,매탄3동,경기도_수원시_영통구_매탄3동
41117540,경기도,수원시 영통구,매탄4동,경기도_수원시_영통구_매탄4동
41117550,경기도,수원시 영통구,원천동,경기도_수원시_영통구_원천동
41117570,경기도,수원시 영통구,영통1동,경기도_수원시_영통구_영통1동
41117580,경기도,수원시 영통구,영통2동,경기도_수원시_영통구_영통2동
41117585,경기도,수원시 영통구,영통3동,경기도_수원시_영통구_영통3동
41117593,경기도,수원시 영통구,망포1동,경기도_수원시_영통구_망포1동
41117596,경기도,수원시 영통구,망포2동,경기도_수원시_영통구_망포2동
41117600,경기도,수원시 영통구,광교1동,경기도_수원시_영통구_광교1동
41117610,경기도,수원시 영통구,광교2동,경기도_수원시_영통구_광교2동
41131510,경기도,성남시 수정구,신흥1동,경기도_성남시_수정구_신흥1동
41131520,경기도,성남시 수정구,신흥2동,경기도_성남시_수정구_신흥2동
41131530,경기도,성남시 수정구,신흥3동,경기도_성남시_수정구_신흥3동
41131540,경기도,성남시 수정구,태평1동,경기도_성남시_수정구_태평1동
41131550,경기도,성남시 수정구,태평2동,경기도_성남시_수정구_태평2동
41131560,경기도,성남시 수정구,태평3동,경기도_성남시_수정구_태평3동
41131561,경기도,성남시 수정구,태평4동,경기도_성남시_수정구_태평4동
41131570,경기도,성남시 수정구,수진1동,경기도_성남시_수정구_수진1동
41131580,경기도,성남시 수정구,수진2동,경기도_성남시_수정구_수진2동
41131590,경기도,성남시 수정구,단대동,경기도_성남시_수정구_단대동
41131600,경기도,성남시 수정구,산성동,경기도_성남시_수정구_산성동
41131610,경기도,성남시 수정구,양지동,경기도_성남시_수정구_양지동
41131620,경기도,성남시 수정구,복정동,경기도_성남시_수정구_복정동
41131625,경기도,성남시 수정구,위례동,경기도_성남시_수정구_위례동
41131630,경기도,성남시 수정구,신촌동,경기도_성남시_수정구_신촌동
41131640,경기도,성남시 수정구,고등동,경기도_성남시_수정구_고등동
41131650,경기도,성남시 수정구,시흥동,경기도_성남시_수정구_시흥동
41133510,경기도,성남시 중원구,성남동,경기도_성남시_중원구_성남동
41133525,경기도,성남시 중원구,중앙동,경기도_성남시_중원구_중앙동
41133530,경기도,성남시 중원구,금광1동,경기도_성남시_중원구_금광1동
41133540,경기도,성남시 중원구,금광2동,경기도_성남시_중원구_금광2동
41133550,경기도,성남시 중원구,은행1동,경기도_성남시_중원구_은행1동
41133560,경기도,성남시 중원구,은행2동,경기도_성남시_중원구_은행2동
41133570,경기도,성남시 중원구,상대원1동,경기도_성남시_중원구_상대원1동
41133580,경기도,성남시 중원구,상대원2동,경기도_성남시_중원구_상대원2동
41133590,경기도,성남시 중원구,상대원3동,경기도_성남시_중원구_상대원3동
41133660,경기도,성남시 중원구,하대원동,경기도_성남시_중원구_하대원동
41133670,경기도,성남시 중원구,도촌동,경기도_성남시_중원구_도촌동
41135510,경기도,성남시 분당구,분당동,경기도_성남시_분당구_분당동
41135520,경기도,성남시 분당구,수내1동,경기도_성남시_분당구_수내1동
41135530,경기도,성남시 분당구,수내2동,경기도_성남시_분당구_수내2동
41135540,경기도,성남시 분당구,수내3동,경기도_성남시_분당구_수내3동
41135545,경기도,성남시 분당구,정자동,경기도_성남시_분당구_정자동
41135550,경기도,성남시 분당구,정자1동,경기도_성남시_분당구_정자1동
41135560,경기도,성남시 분당구,정자2동,경기도_성남시_분당구_정자2동
41135570,경기도,성남시 분당구,정자3동,경기도_성남시_분당구_정자3동
41135580,경기도,성남시 분당구,서현1동,경기도_성남시_분당구_서현1동
41135590,경기도,성남시 분당구,서현2동,경기도_성남시_분당구_서현2동
41135600,경기도,성남시 분당구,이매1동,경기도_성남시_분당구_이매1동
41135610,경기도,성남시 분당구,이매2동,경기도_성남시_분당구_이매2동
41135620,경기도,성남시 분당구,야탑1동,경기도_성남시_분당구_야탑1동
41135630,경기도,성남시 분당구,야탑2동,경기도_성남시_분당구_야탑2동
41135640,경기도,성남시 분당구,야탑3동,경기도_성남시_분당구_야탑3동
41135650,경기도,성남시 분당구,판교동,경기도_성남시_분당구_판교동
41135655,경기도,성남시 분당구,삼평동,경기도_성남시_분당구_삼평동
41135657,경기도,성남시 분당구,백현동,경기도_성남시_분당구_백현동
41135662,경기도,성남시 분당구,금곡동,경기도_성남시_분당구_금곡동
41135665,경기도,성남시 분당구,구미1동,경기도_성남시_분당구_구미1동
41135670,경기도,성남시 분당구,구미동,경기도_성남시_분당구_구미동
41135680,경기도,성남시 분당구,운중동,경기도_성남시_분당구_운중동
41150510,경기도,의정부시,의정부1동,경기도_의정부시_의정부1동
41150520,경기도,의정부시,의정부2동,경기도_의정부시_의정부2동
41150545,경기도,의정부시,호원1동,경기도_의정부시_호원1동
41150555,경기도,의정부시,호원2동,경기도_의정부시_호원2동
41150561,경기도,의정부시,장암동,경기도_의정부시_장암동
41150567,경기도,의정부시,신곡1동,경기도_의정부시_신곡1동
41150568,경기도,의정부시,신곡2동,경기도_의정부시_신곡2동
41150573,경기도,의정부시,송산1동,경기도_의정부시_송산1동
41150576,경기도,의정부시,송산2동,경기도_의정부시_송산2동
41150578,경기도,의정부시,송산3동,경기도_의정부시_송산3동
41150580,경기도,의정부시,자금동,경기도_의정부시_자금동
41150595,경기도,의정부시,가능동,경기도_의정부시_가능동
41150615,경기도,의정부시,흥선동,경기도_의정부시_흥선동
41150620,경기도,의정부시,녹양동,경기도_의정부시_녹양동
41150630,경기도,의정부시,고산동,경기도_의정부시_고산동
41171510,경기도,안양시 만안구,안양1동,경기도_안양시_만안구_안양1동
41171520,경기도,안양시 만안구,안양2동,경기도_안양시_만안구_안양2동
41171530,경기도,안양시 만안구,안양3동,경기도_안양시_만안구_안양3동
41171540,경기도,안양시 만안구,안양4동,경기도_안양시_만안구_안양4동
41171550,경기도,안양시 만안구,안양5동,경기도_안양시_만안구_안양5동
41171560,경기도,안양시 만안구,안양6동,경기도_안양시_만안구_안양6동
41171570,경기도,안양시 만안구,안양7동,경기도_안양시_만안구_안양7동
41171580,경기도,안양시 만안구,안양8동,경기도_안양시_만안구_안양8동
41171581,경기도,안양시 만안구,안양9동,경기도_안양시_만안구_안양9동
41171590,경기도,안양시 만안구,석수1동,경기도_안양시_만안구_석수1동
41171600,경기도,안양시 만안구,석수2동,경기도_안양시_만안구_석수2동
41171610,경기도,안양시 만안구,석수3동,경기도_안양시_만안구_석수3동
41171611,경기도,안양시 만안구,충훈동,경기도_안양시_만안구_충훈동
41171621,경기도,안양시 만안구,박달1동,경기도_안양시_만안구_박달1동
41171630,경기도,안양시 만안구,박달2동,경기도_안양시_만안구_박달2동
41173510,경기도,안양시 동안구,비산1동,경기도_안양시_동안구_비산1동
41173520,경기도,안양시 동안구,비산2동,경기도_안양시_동안구_비산2동
41173530,경기도,안양시 동안구,비산3동,경기도_안양시_동안구_비산3동
41173540,경기도,안양시 동안구,부흥동,경기도_안양시_동안구_부흥동
41173546,경기도,안양시 동안구,달안동,경기도_안양시_동안구_달안동
41173550,경기도,안양시 동안구,관양1동,경기도_안양시_동안구_관양1동
41173552,경기도,안양시 동안구,관양동,경기도_안양시_동안구_관양동
41173559,경기도,안양시 동안구,인덕원동,경기도_안양시_동안구_인덕원동
41173560,경기도,안양시 동안구,관양2동,경기도_안양시_동안구_관양2동
41173566,경기도,안양시 동안구,부림동,경기도_안양시_동안구_부림동
41173570,경기도,안양시 동안구,평촌동,경기도_안양시_동안구_평촌동
41173576,경기도,안양시 동안구,평안동,경기도_안양시_동안구_평안동
41173578,경기도,안양시 동안구,귀인동,경기도_안양시_동안구_귀인동
41173580,경기도,안양시 동안구,호계1동,경기도_안양시_동안구_호계1동
41173590,경기도,안양시 동안구,호계2동,경기도_안양시_동안구_호계2동
41173600,경기도,안양시 동안구,호계3동,경기도_안양시_동안구_호계3동
41173610,경기도,안양시 동안구,범계동,경기도_안양시_동안구_범계동
41173620,경기도,안양시 동안구,신촌동,경기도_안양시_동안구_신촌동
41173630,경기도,안양시 동안구,갈산동,경기도_안양시_동안구_갈산동
41190603,경기도,부천시,심곡동,경기도_부천시_심곡동
41190606,경기도,부천시,부천동,경기도_부천시_부천동
41190610,경기도,부천시,중동,경기도_부천시_중동
41190742,경기도,부천시,신중동,경기도_부천시_신중동
41190744,경기도,부천시,상동,경기도_부천시_상동
41190746,경기도,부천시,대산동,경기도_부천시_대산동
41190750,경기도,부천시,소사본동,경기도_부천시_소사본동
41190795,경기도,부천시,범안동,경기도_부천시_범안동
41190800,경기도,부천시,성곡동,경기도_부천시_성곡동
41190830,경기도,부천시,오정동,경기도_부천시_오정동
41192510,경기도,부천시 원미구,심곡1동,경기도_부천시_원미구_심곡1동
41192520,경기도,부천시 원미구,심곡2동,경기도_부천시_원미구_심곡2동
41192530,경기도,부천시 원미구,심곡3동,경기도_부천시_원미구_심곡3동
41192540,경기도,부천시 원미구,원미1동,경기도_부천시_원미구_원미1동
41192550,경기도,부천시 원미구,원미2동,경기도_부천시_원미구_원미2동
41192560,경기도,부천시 원미구,소사동,경기도_부천시_원미구_소사동
41192570,경기도,부천시 원미구,역곡1동,경기도_부천시_원미구_역곡1동
41192580,경기도,부천시 원미구,역곡2동,경기도_부천시_원미구_역곡2동
41192590,경기도,부천시 원미구,춘의동,경기도_부천시_원미구_춘의동
41192600,경기도,부천시 원미구,도당동,경기도_부천시_원미구_도당동
41192610,경기도,부천시 원미구,약대동,경기도_부천시_원미구_약대동
41192620,경기도,부천시 원미구,중동,경기도_부천시_원미구_중동
41192630,경기도,부천시 원미구,중1동,경기도_부천시_원미구_중1동
41192640,경기도,부천시 원미구,중2동,경기도_부천시_원미구_중2동
41192650,경기도,부천시 원미구,중3동,경기도_부천시_원미구_중3동
41192660,경기도,부천시 원미구,중4동,경기도_부천시_원미구_중4동
41192670,경기도,부천시 원미구,상동,경기도_부천시_원미구_상동
41192680,경기도,부천시 원미구,상1동,경기도_부천시_원미구_상1동
41192690,경기도,부천시 원미구,상2동,경기도_부천시_원미구_상2동
41192700,경기도,부천시 원미구,상3동,경기도_부천시_원미구_상3동
41194510,경기도,부천시 소사구,심곡본1동,경기도_부천시_소사구_심곡본1동
41194520,경기도,부천시 소사구,심곡본동,경기도_부천시_소사구_심곡본동
41194530,경기도,부천시 소사구,소사본동,경기도_부천시_소사구_소사본동
41194540,경기도,부천시 소사구,소사본1동,경기도_부천시_소사구_소사본1동
41194550,경기도,부천시 소사구,범박동,경기도_부천시_소사구_범박동
41194560,경기도,부천시 소사구,옥길동,경기도_부천시_소사구_옥길동
41194570,경기도,부천시 소사구,괴안동,경기도_부천시_소사구_괴안동
41194580,경기도,부천시 소사구,역곡3동,경기도_부천시_소사구_역곡3동
41194590,경기도,부천시 소사구,송내1동,경기도_부천시_소사구_송내1동
41194600,경기도,부천시 소사구,송내2동,경기도_부천시_소사구_송내2동
41196510,경기도,부천시 오정구,성곡동,경기도_부천시_오정구_성곡동
41196520,경기도,부천시 오정구,원종1동,경기도_부천시_오정구_원종1동
41196530,경기도,부천시 오정구,원종2동,경기도_부천시_오정구_원종2동
41196540,경기도,부천시 오정구,고강본동,경기도_부천시_오정구_고강본동
41196550,경기도,부천시 오정구,고강1동,경기도_부천시_오정구_고강1동
41196560,경기도,부천시 오정구,오정동,경기도_부천시_오정구_오정동
41196570,경기도,부천시 오정구,신흥동,경기도_부천시_오정구_신흥동
41210510,경기도,광명시,광명1동,경기도_광명시_광명1동
41210520,경기도,광명시,광명2동,경기도_광명시_광명2동
41210540,경기도,광명시,광명3동,경기도_광명시_광명3동
41210550,경기도,광명시,광명4동,경기도_광명시_광명4동
41210560,경기도,광명시,광명5동,경기도_광명시_광명5동
41210570,경기도,광명시,광명6동,경기도_광명시_광명6동
41210580,경기도,광명시,광명7동,경기도_광명시_광명7동
41210590,경기도,광명시,철산1동,경기도_광명시_철산1동
41210600,경기도,광명시,철산2동,경기도_광명시_철산2동
41210610,경기도,광명시,철산3동,경기도_광명시_철산3동
41210620,경기도,광명시,철산4동,경기도_광명시_철산4동
41210631,경기도,광명시,하안1동,경기도_광명시_하안1동
41210632,경기도,광명시,하안2동,경기도_광명시_하안2동
41210633,경기도,광명시,하안3동,경기도_광명시_하안3동
41210634,경기도,광명시,하안4동,경기도_광명시_하안4동
41210640,경기도,광명시,소하1동,경기도_광명시_소하1동
41210650,경기도,광명시,소하2동,경기도_광명시_소하2동
41210655,경기도,광명시,일직동,경기도_광명시_일직동
41210660,경기도,광명시,학온동,경기도_광명시_학온동
41220250,경기도,평택시,팽성읍,경기도_평택시_팽성읍
41220253,경기도,평택시,안중읍,경기도_평택시_안중읍
41220256,경기도,평택시,포승읍,경기도_평택시_포승읍
41220259,경기도,평택시,청북읍,경기도_평택시_청북읍
41220310,경기도,평택시,진위면,경기도_평택시_진위면
41220320,경기도,평택시,서탄면,경기도_평택시_서탄면
41220330,경기도,평택시,고덕면,경기도_평택시_고덕면
41220340,경기도,평택시,오성면,경기도_평택시_오성면
41220370,경기도,평택시,현덕면,경기도_평택시_현덕면
41220510,경기도,평택시,중앙동,경기도_평택시_중앙동
41220520,경기도,평택시,서정동,경기도_평택시_서정동
41220535,경기도,평택시,송탄동,경기도_평택시_송탄동
41220550,경기도,평택시,지산동,경기도_평택시_지산동
41220560,경기도,평택시,송북동,경기도_평택시_송북동
41220570,경기도,평택시,신장1동,경기도_평택시_신장1동
41220580,경기도,평택시,신장2동,경기도_평택시_신장2동
41220590,경기도,평택시,신평동,경기도_평택시_신평동
41220600,경기도,평택시,원평동,경기도_평택시_원평동
41220610,경기도,평택시,통복동,경기도_평택시_통복동
41220620,경기도,평택시,비전1동,경기도_평택시_비전1동
41220630,경기도,평택시,비전2동,경기도_평택시_비전2동
41220635,경기도,평택시,용이동,경기도_평택시_용이동
41220640,경기도,평택시,세교동,경기도_평택시_세교동
41220650,경기도,평택시,동삭동,경기도_평택시_동삭동
41220660,경기도,평택시,고덕동,경기도_평택시_고덕동
41250510,경기도,동두천시,생연1동,경기도_동두천시_생연1동
41250520,경기도,동두천시,생연2동,경기도_동두천시_생연2동
41250535,경기도,동두천시,중앙동,경기도_동두천시_중앙동
41250550,경기도,동두천시,보산동,경기도_동두천시_보산동
41250565,경기도,동두천시,불현동,경기도_동두천시_불현동
41250566,경기도,동두천시,송내동,경기도_동두천시_송내동
41250580,경기도,동두천시,소요동,경기도_동두천시_소요동
41250600,경기도,동두천시,상패동,경기도_동두천시_상패동
41271510,경기도,안산시 상록구,일동,경기도_안산시_상록구_일동
41271515,경기도,안산시 상록구,이동,경기도_안산시_상록구_이동
41271525,경기도,안산시 상록구,사동,경기도_안산시_상록구_사동
41271532,경기도,안산시 상록구,사이동,경기도_안산시_상록구_사이동
41271537,경기도,안산시 상록구,해양동,경기도_안산시_상록구_해양동
41271540,경기도,안산시 상록구,본오1동,경기도_안산시_상록구_본오1동
41271550,경기도,안산시 상록구,본오2동,경기도_안산시_상록구_본오2동
41271560,경기도,안산시 상록구,본오3동,경기도_안산시_상록구_본오3동
41271570,경기도,안산시 상록구,부곡동,경기도_안산시_상록구_부곡동
41271580,경기도,안산시 상록구,월피동,경기도_안산시_상록구_월피동
41271590,경기도,안산시 상록구,성포동,경기도_안산시_상록구_성포동
41271600,경기도,안산시 상록구,반월동,경기도_안산시_상록구_반월동
41271610,경기도,안산시 상록구,안산동,경기도_안산시_상록구_안산동
41273510,경기도,안산시 단원구,와동,경기도_안산시_단원구_와동
41273525,경기도,안산시 단원구,고잔동,경기도_안산시_단원구_고잔동
41273532,경기도,안산시 단원구,중앙동,경기도_안산시_단원구_중앙동
41273535,경기도,안산시 단원구,호수동,경기도_안산시_단원구_호수동
41273545,경기도,안산시 단원구,원곡동,경기도_안산시_단원구_원곡동
41273555,경기도,안산시 단원구,백운동,경기도_안산시_단원구_백운동
41273565,경기도,안산시 단원구,신길동,경기도_안산시_단원구_신길동
41273570,경기도,안산시 단원구,초지동,경기도_안산시_단원구_초지동
41273580,경기도,안산시 단원구,선부1동,경기도_안산시_단원구_선부1동
41273590,경기도,안산시 단원구,선부2동,경기도_안산시_단원구_선부2동
41273600,경기도,안산시 단원구,선부3동,경기도_안산시_단원구_선부3동
41273610,경기도,안산시 단원구,대부동,경기도_안산시_단원구_대부동
41281510,경기도,고양시 덕양구,주교동,경기도_고양시_덕양구_주교동
41281520,경기도,고양시 덕양구,원신동,경기도_고양시_덕양구_원신동
41281530,경기도,고양시 덕양구,흥도동,경기도_고양시_덕양구_흥도동
41281540,경기도,고양시 덕양구,성사1동,경기도_고양시_덕양구_성사1동
41281550,경기도,고양시 덕양구,성사2동,경기도_고양시_덕양구_성사2동
41281560,경기도,고양시 덕양구,효자동,경기도_고양시_덕양구_효자동
41281576,경기도,고양시 덕양구,삼송1동,경기도_고양시_덕양구_삼송1동
41281577,경기도,고양시 덕양구,삼송2동,경기도_고양시_덕양구_삼송2동
41281580,경기도,고양시 덕양구,창릉동,경기도_고양시_덕양구_창릉동
41281590,경기도,고양시 덕양구,고양동,경기도_고양시_덕양구_고양동
41281600,경기도,고양시 덕양구,관산동,경기도_고양시_덕양구_관산동
41281610,경기도,고양시 덕양구,능곡동,경기도_고양시_덕양구_능곡동
41281621,경기도,고양시 덕양구,화정1동,경기도_고양시_덕양구_화정1동
41281622,경기도,고양시 덕양구,화정2동,경기도_고양시_덕양구_화정2동
41281630,경기도,고양시 덕양구,행주동,경기도_고양시_덕양구_행주동
41281640,경기도,고양시 덕양구,행신1동,경기도_고양시_덕양구_행신1동
41281650,경기도,고양시 덕양구,행신2동,경기도_고양시_덕양구_행신2동
41281655,경기도,고양시 덕양구,행신3동,경기도_고양시_덕양구_행신3동
41281656,경기도,고양시 덕양구,행신4동,경기도_고양시_덕양구_행신4동
41281660,경기도,고양시 덕양구,화전동,경기도_고양시_덕양구_화전동
41281670,경기도,고양시 덕양구,대덕동,경기도_고양시_덕양구_대덕동
41285510,경기도,고양시 일산동구,식사동,경기도_고양시_일산동구_식사동
41285525,경기도,고양시 일산동구,중산1동,경기도_고양시_일산동구_중산1동
41285526,경기도,고양시 일산동구,중산2동,경기도_고양시_일산동구_중산2동
41285530,경기도,고양시 일산동구,정발산동,경기도_고양시_일산동구_정발산동
41285540,경기도,고양시 일산동구,풍산동,경기도_고양시_일산동구_풍산동
41285551,경기도,고양시 일산동구,백석1동,경기도_고양시_일산동구_백석1동
41285552,경기도,고양시 일산동구,백석2동,경기도_고양시_일산동구_백석2동
41285560,경기도,고양시 일산동구,마두1동,경기도_고양시_일산동구_마두1동
41285570,경기도,고양시 일산동구,마두2동,경기도_고양시_일산동구_마두2동
41285580,경기도,고양시 일산동구,장항1동,경기도_고양시_일산동구_장항1동
41285590,경기도,고양시 일산동구,장항2동,경기도_고양시_일산동구_장항2동
41285600,경기도,고양시 일산동구,고봉동,경기도_고양시_일산동구_고봉동
41287510,경기도,고양시 일산서구,일산1동,경기도_고양시_일산서구_일산1동
41287520,경기도,고양시 일산서구,일산2동,경기도_고양시_일산서구_일산2동
41287530,경기도,고양시 일산서구,일산3동,경기도_고양시_일산서구_일산3동
41287545,경기도,고양시 일산서구,탄현1동,경기도_고양시_일산서구_탄현1동
41287546,경기도,고양시 일산서구,탄현2동,경기도_고양시_일산서구_탄현2동
41287550,경기도,고양시 일산서구,주엽1동,경기도_고양시_일산서구_주엽1동
41287560,경기도,고양시 일산서구,주엽2동,경기도_고양시_일산서구_주엽2동
41287570,경기도,고양시 일산서구,대화동,경기도_고양시_일산서구_대화동
41287580,경기도,고양시 일산서구,송포동,경기도_고양시_일산서구_송포동
41287600,경기도,고양시 일산서구,덕이동,경기도_고양시_일산서구_덕이동
41287610,경기도,고양시 일산서구,가좌동,경기도_고양시_일산서구_가좌동
41290510,경기도,과천시,중앙동,경기도_과천시_중앙동
41290515,경기도,과천시,원문동,경기도_과천시_원문동
41290520,경기도,과천시,갈현동,경기도_과천시_갈현동
41290530,경기도,과천시,별양동,경기도_과천시_별양동
41290540,경기도,과천시,부림동,경기도_과천시_부림동
41290550,경기도,과천시,과천동,경기도_과천시_과천동
41290560,경기도,과천시,문원동,경기도_과천시_문원동
41310510,경기도,구리시,갈매동,경기도_구리시_갈매동
41310520,경기도,구리시,동구동,경기도_구리시_동구동
41310530,경기도,구리시,인창동,경기도_구리시_인창동
41310541,경기도,구리시,교문1동,경기도_구리시_교문1동
41310542,경기도,구리시,교문2동,경기도_구리시_교문2동
41310570,경기도,구리시,수택1동,경기도_구리시_수택1동
41310580,경기도,구리시,수택2동,경기도_구리시_수택2동
41310590,경기도,구리시,수택3동,경기도_구리시_수택3동
41360250,경기도,남양주시,와부읍,경기도_남양주시_와부읍
41360253,경기도,남양주시,진접읍,경기도_남양주시_진접읍
41360256,경기도,남양주시,화도읍,경기도_남양주시_화도읍
41360259,경기도,남양주시,진건읍,경기도_남양주시_진건읍
41360262,경기도,남양주시,오남읍,경기도_남양주시_오남읍
41360265,경기도,남양주시,퇴계원읍,경기도_남양주시_퇴계원읍
41360310,경기도,남양주시,별내면,경기도_남양주시_별내면
41360340,경기도,남양주시,수동면,경기도_남양주시_수동면
41360360,경기도,남양주시,조안면,경기도_남양주시_조안면
41360510,경기도,남양주시,호평동,경기도_남양주시_호평동
41360520,경기도,남양주시,평내동,경기도_남양주시_평내동
41360530,경기도,남양주시,금곡동,경기도_남양주시_금곡동
41360540,경기도,남양주시,양정동,경기도_남양주시_양정동
41360545,경기도,남양주시,다산1동,경기도_남양주시_다산1동
41360565,경기도,남양주시,다산2동,경기도_남양주시_다산2동
41360570,경기도,남양주시,별내동,경기도_남양주시_별내동
41370510,경기도,오산시,중앙동,경기도_오산시_중앙동
41370523,경기도,오산시,대원1동,경기도_오산시_대원1동
41370526,경기도,오산시,대원2동,경기도_오산시_대원2동
41370530,경기도,오산시,남촌동,경기도_오산시_남촌동
41370540,경기도,오산시,신장동,경기도_오산시_신장동
41370543,경기도,오산시,신장1동,경기도_오산시_신장1동
41370546,경기도,오산시,신장2동,경기도_오산시_신장2동
41370550,경기도,오산시,세마동,경기도_오산시_세마동
41370560,경기도,오산시,초평동,경기도_오산시_초평동
41370570,경기도,오산시,대원동,경기도_오산시_대원동
41390510,경기도,시흥시,대야동,경기도_시흥시_대야동
41390520,경기도,시흥시,신천동,경기도_시흥시_신천동
41390531,경기도,시흥시,신현동,경기도_시흥시_신현동
41390540,경기도,시흥시,은행동,경기도_시흥시_은행동
41390550,경기도,시흥시,매화동,경기도_시흥시_매화동
41390570,경기도,시흥시,목감동,경기도_시흥시_목감동
41390581,경기도,시흥시,군자동,경기도_시흥시_군자동
41390582,경기도,시흥시,월곶동,경기도_시흥시_월곶동
41390589,경기도,시흥시,정왕본동,경기도_시흥시_정왕본동
41390591,경기도,시흥시,정왕1동,경기도_시흥시_정왕1동
41390592,경기도,시흥시,정왕2동,경기도_시흥시_정왕2동
41390593,경기도,시흥시,정왕3동,경기도_시흥시_정왕3동
41390594,경기도,시흥시,정왕4동,경기도_시흥시_정왕4동
41390596,경기도,시흥시,배곧1동,경기도_시흥시_배곧1동
41390597,경기도,시흥시,배곧2동,경기도_시흥시_배곧2동
41390621,경기도,시흥시,과림동,경기도_시흥시_과림동
41390630,경기도,시흥시,연성동,경기도_시흥시_연성동
41390631,경기도,시흥시,장곡동,경기도_시흥시_장곡동
41390640,경기도,시흥시,능곡동,경기도_시흥시_능곡동
41390650,경기도,시흥시,거북섬동,경기도_시흥시_거북섬동
41410510,경기도,군포시,군포1동,경기도_군포시_군포1동
41410520,경기도,군포시,군포2동,경기도_군포시_군포2동
41410540,경기도,군포시,산본1동,경기도_군포시_산본1동
41410550,경기도,군포시,산본2동,경기도_군포시_산본2동
41410560,경기도,군포시,금정동,경기도_군포시_금정동
41410570,경기도,군포시,재궁동,경기도_군포시_재궁동
41410580,경기도,군포시,오금동,경기도_군포시_오금동
41410590,경기도,군포시,수리동,경기도_군포시_수리동
41410600,경기도,군포시,궁내동,경기도_군포시_궁내동
41410610,경기도,군포시,대야동,경기도_군포시_대야동
41410620,경기도,군포시,광정동,경기도_군포시_광정동
41410630,경기도,군포시,송부동,경기도_군포시_송부동
41430510,경기도,의왕시,고천동,경기도_의왕시_고천동
41430520,경기도,의왕시,부곡동,경기도_의왕시_부곡동
41430530,경기도,의왕시,오전동,경기도_의왕시_오전동
41430540,경기도,의왕시,내손1동,경기도_의왕시_내손1동
41430550,경기도,의왕시,내손2동,경기도_의왕시_내손2동
41430560,경기도,의왕시,청계동,경기도_의왕시_청계동
41450510,경기도,하남시,천현동,경기도_하남시_천현동
41450520,경기도,하남시,신장1동,경기도_하남시_신장1동
41450530,경기도,하남시,신장2동,경기도_하남시_신장2동
41450540,경기도,하남시,덕풍1동,경기도_하남시_덕풍1동
41450550,경기도,하남시,덕풍2동,경기도_하남시_덕풍2동
41450560,경기도,하남시,덕풍3동,경기도_하남시_덕풍3동
41450580,경기도,하남시,감북동,경기도_하남시_감북동
41450582,경기도,하남시,감일동,경기도_하남시_감일동
41450585,경기도,하남시,위례동,경기도_하남시_위례동
41450590,경기도,하남시,춘궁동,경기도_하남시_춘궁동
41450600,경기도,하남시,초이동,경기도_하남시_초이동
41450610,경기도,하남시,미사1동,경기도_하남시_미사1동
41450620,경기도,하남시,미사2동,경기도_하남시_미사2동
41450630,경기도,하남시,미사3동,경기도_하남시_미사3동
41461250,경기도,용인시 처인구,포곡읍,경기도_용인시_처인구_포곡읍
41461253,경기도,용인시 처인구,모현읍,경기도_용인시_처인구_모현읍
41461256,경기도,용인시 처인구,이동읍,경기도_용인시_처인구_이동읍
41461259,경기도,용인시 처인구,남사읍,경기도_용인시_처인구_남사읍
41461340,경기도,용인시 처인구,원삼면,경기도_용인시_처인구_원삼면
41461350,경기도,용인시 처인구,백암면,경기도_용인시_처인구_백암면
41461360,경기도,용인시 처인구,양지면,경기도_용인시_처인구_양지면
41461510,경기도,용인시 처인구,중앙동,경기도_용인시_처인구_중앙동
41461525,경기도,용인시 처인구,역북동,경기도_용인시_처인구_역북동
41461526,경기도,용인시 처인구,삼가동,경기도_용인시_처인구_삼가동
41461530,경기도,용인시 처인구,유림동,경기도_용인시_처인구_유림동
41461540,경기도,용인시 처인구,동부동,경기도_용인시_처인구_동부동
41463510,경기도,용인시 기흥구,신갈동,경기도_용인시_기흥구_신갈동
41463516,경기도,용인시 기흥구,영덕1동,경기도_용인시_기흥구_영덕1동
41463517,경기도,용인시 기흥구,영덕2동,경기도_용인시_기흥구_영덕2동
41463520,경기도,용인시 기흥구,구갈동,경기도_용인시_기흥구_구갈동
41463530,경기도,용인시 기흥구,상갈동,경기도_용인시_기흥구_상갈동
41463535,경기도,용인시 기흥구,보라동,경기도_용인시_기흥구_보라동
41463540,경기도,용인시 기흥구,기흥동,경기도_용인시_기흥구_기흥동
41463550,경기도,용인시 기흥구,서농동,경기도_용인시_기흥구_서농동
41463560,경기도,용인시 기흥구,구성동,경기도_용인시_기흥구_구성동
41463570,경기도,용인시 기흥구,마북동,경기도_용인시_기흥구_마북동
41463572,경기도,용인시 기흥구,동백1동,경기도_용인시_기흥구_동백1동
41463575,경기도,용인시 기흥구,동백2동,경기도_용인시_기흥구_동백2동
41463577,경기도,용인시 기흥구,동백3동,경기도_용인시_기흥구_동백3동
41463586,경기도,용인시 기흥구,상하동,경기도_용인시_기흥구_상하동
41463590,경기도,용인시 기흥구,보정동,경기도_용인시_기흥구_보정동
41465510,경기도,용인시 수지구,풍덕천1동,경기도_용인시_수지구_풍덕천1동
41465520,경기도,용인시 수지구,풍덕천2동,경기도_용인시_수지구_풍덕천2동
41465530,경기도,용인시 수지구,신봉동,경기도_용인시_수지구_신봉동
41465540,경기도,용인시 수지구,죽전1동,경기도_용인시_수지구_죽전1동
41465550,경기도,용인시 수지구,죽전2동,경기도_용인시_수지구_죽전2동
41465555,경기도,용인시 수지구,죽전3동,경기도_용인시_수지구_죽전3동
41465560,경기도,용인시 수지구,동천동,경기도_용인시_수지구_동천동
41465570,경기도,용인시 수지구,상현1동,경기도_용인시_수지구_상현1동
41465580,경기도,용인시 수지구,상현2동,경기도_용인시_수지구_상현2동
41465585,경기도,용인시 수지구,상현3동,경기도_용인시_수지구_상현3동
41465590,경기도,용인시 수지구,성복동,경기도_용인시_수지구_성복동
41480250,경기도,파주시,문산읍,경기도_파주시_문산읍
41480253,경기도,파주시,파주읍,경기도_파주시_파주읍
41480256,경기도,파주시,법원읍,경기도_파주시_법원읍
41480262,경기도,파주시,조리읍,경기도_파주시_조리읍
41480310,경기도,파주시,월롱면,경기도_파주시_월롱면
41480320,경기도,파주시,탄현면,경기도_파주시_탄현면
41480350,경기도,파주시,광탄면,경기도_파주시_광탄면
41480360,경기도,파주시,파평면,경기도_파주시_파평면
41480370,경기도,파주시,적성면,경기도_파주시_적성면
41480390,경기도,파주시,장단면,경기도_파주시_장단면
41480510,경기도,파주시,금촌1동,경기도_파주시_금촌1동
41480520,경기도,파주시,금촌2동,경기도_파주시_금촌2동
41480530,경기도,파주시,금촌3동,경기도_파주시_금촌3동
41480540,경기도,파주시,교하동,경기도_파주시_교하동
41480550,경기도,파주시,운정1동,경기도_파주시_운정1동
41480560,경기도,파주시,운정2동,경기도_파주시_운정2동
41480570,경기도,파주시,운정3동,경기도_파주시_운정3동
41480580,경기도,파주시,운정4동,경기도_파주시_운정4동
41480590,경기도,파주시,운정5동,경기도_파주시_운정5동
41480600,경기도,파주시,운정6동,경기도_파주시_운정6동
41500250,경기도,이천시,장호원읍,경기도_이천시_장호원읍
41500253,경기도,이천시,부발읍,경기도_이천시_부발읍
41500310,경기도,이천시,신둔면,경기도_이천시_신둔면
41500320,경기도,이천시,백사면,경기도_이천시_백사면
41500330,경기도,이천시,호법면,경기도_이천시_호법면
41500340,경기도,이천시,마장면,경기도_이천시_마장면
41500350,경기도,이천시,대월면,경기도_이천시_대월면
41500360,경기도,이천시,모가면,경기도_이천시_모가면
41500370,경기도,이천시,설성면,경기도_이천시_설성면
41500380,경기도,이천시,율면,경기도_이천시_율면
41500510,경기도,이천시,창전동,경기도_이천시_창전동
41500515,경기도,이천시,증포동,경기도_이천시_증포동
41500520,경기도,이천시,중리동,경기도_이천시_중리동
41500530,경기도,이천시,관고동,경기도_이천시_관고동
41550250,경기도,안성시,공도읍,경기도_안성시_공도읍
41550310,경기도,안성시,보개면,경기도_안성시_보개면
41550320,경기도,안성시,금광면,경기도_안성시_금광면
41550330,경기도,안성시,서운면,경기도_안성시_서운면
41550340,경기도,안성시,미양면,경기도_안성시_미양면
41550350,경기도,안성시,대덕면,경기도_안성시_대덕면
41550360,경기도,안성시,양성면,경기도_안성시_양성면
41550380,경기도,안성시,원곡면,경기도_안성시_원곡면
41550390,경기도,안성시,일죽면,경기도_안성시_일죽면
41550400,경기도,안성시,죽산면,경기도_안성시_죽산면
41550410,경기도,안성시,삼죽면,경기도_안성시_삼죽면
41550420,경기도,안성시,고삼면,경기도_안성시_고삼면
41550510,경기도,안성시,안성1동,경기도_안성시_안성1동
41550520,경기도,안성시,안성2동,경기도_안성시_안성2동
41550530,경기도,안성시,안성3동,경기도_안성시_안성3동
41570250,경기도,김포시,통진읍,경기도_김포시_통진읍
41570253,경기도,김포시,고촌읍,경기도_김포시_고촌읍
41570256,경기도,김포시,양촌읍,경기도_김포시_양촌읍
41570340,경기도,김포시,대곶면,경기도_김포시_대곶면
41570350,경기도,김포시,월곶면,경기도_김포시_월곶면
41570360,경기도,김포시,하성면,경기도_김포시_하성면
41570515,경기도,김포시,김포본동,경기도_김포시_김포본동
41570525,경기도,김포시,장기본동,경기도_김포시_장기본동
41570540,경기도,김포시,사우동,경기도_김포시_사우동
41570550,경기도,김포시,풍무동,경기도_김포시_풍무동
41570560,경기도,김포시,장기동,경기도_김포시_장기동
41570570,경기도,김포시,구래동,경기도_김포시_구래동
41570575,경기도,김포시,마산동,경기도_김포시_마산동
41570580,경기도,김포시,운양동,경기도_김포시_운양동
41590253,경기도,화성시,봉담읍,경기도_화성시_봉담읍
41590256,경기도,화성시,우정읍,경기도_화성시_우정읍
41590259,경기도,화성시,향남읍,경기도_화성시_향남읍
41590262,경기도,화성시,남양읍,경기도_화성시_남양읍
41590310,경기도,화성시,매송면,경기도_화성시_매송면
41590320,경기도,화성시,비봉면,경기도_화성시_비봉면
41590330,경기도,화성시,마도면,경기도_화성시_마도면
41590340,경기도,화성시,송산면,경기도_화성시_송산면
41590350,경기도,화성시,서신면,경기도_화성시_서신면
41590360,경기도,화성시,팔탄면,경기도_화성시_팔탄면
41590370,경기도,화성시,장안면,경기도_화성시_장안면
41590400,경기도,화성시,양감면,경기도_화성시_양감면
41590410,경기도,화성시,정남면,경기도_화성시_정남면
41590515,경기도,화성시,새솔동,경기도_화성시_새솔동
41590520,경기도,화성시,진안동,경기도_화성시_진안동
41590530,경기도,화성시,병점1동,경기도_화성시_병점1동
41590540,경기도,화성시,병점2동,경기도_화성시_병점2동
41590550,경기도,화성시,반월동,경기도_화성시_반월동
41590560,경기도,화성시,기배동,경기도_화성시_기배동
41590570,경기도,화성시,화산동,경기도_화성시_화산동
41590585,경기도,화성시,동탄1동,경기도_화성시_동탄1동
41590586,경기도,화성시,동탄2동,경기도_화성시_동탄2동
41590587,경기도,화성시,동탄3동,경기도_화성시_동탄3동
41590588,경기도,화성시,동탄4동,경기도_화성시_동탄4동
41590590,경기도,화성시,동탄5동,경기도_화성시_동탄5동
41590600,경기도,화성시,동탄6동,경기도_화성시_동탄6동
41590610,경기도,화성시,동탄7동,경기도_화성시_동탄7동
41590620,경기도,화성시,동탄8동,경기도_화성시_동탄8동
41590630,경기도,화성시,동탄9동,경기도_화성시_동탄9동
41610253,경기도,광주시,초월읍,경기도_광주시_초월읍
41610259,경기도,광주시,곤지암읍,경기도_광주시_곤지암읍
41610330,경기도,광주시,도척면,경기도_광주시_도척면
41610340,경기도,광주시,퇴촌면,경기도_광주시_퇴촌면
41610350,경기도,광주시,남종면,경기도_광주시_남종면
41610370,경기도,광주시,남한산성면,경기도_광주시_남한산성면
41610510,경기도,광주시,경안동,경기도_광주시_경안동
41610520,경기도,광주시,송정동,경기도_광주시_송정동
41610540,경기도,광주시,쌍령동,경기도_광주시_쌍령동
41610550,경기도,광주시,탄벌동,경기도_광주시_탄벌동
41610560,경기도,광주시,광남1동,경기도_광주시_광남1동
41610570,경기도,광주시,광남2동,경기도_광주시_광남2동
41610580,경기도,광주시,오포1동,경기도_광주시_오포1동
41610590,경기도,광주시,오포2동,경기도_광주시_오포2동
41610600,경기도,광주시,신현동,경기도_광주시_신현동
41610610,경기도,광주시,능평동,경기도_광주시_능평동
41630250,경기도,양주시,백석읍,경기도_양주시_백석읍
41630310,경기도,양주시,은현면,경기도_양주시_은현면
41630320,경기도,양주시,남면,경기도_양주시_남면
41630330,경기도,양주시,광적면,경기도_양주시_광적면
41630340,경기도,양주시,장흥면,경기도_양주시_장흥면
41630510,경기도,양주시,양주1동,경기도_양주시_양주1동
41630520,경기도,양주시,양주2동,경기도_양주시_양주2동
41630530,경기도,양주시,회천1동,경기도_양주시_회천1동
41630540,경기도,양주시,회천2동,경기도_양주시_회천2동
41630550,경기도,양주시,회천3동,경기도_양주시_회천3동
41630570,경기도,양주시,옥정1동,경기도_양주시_옥정1동
41630580,경기도,양주시,옥정2동,경기도_양주시_옥정2동
41650250,경기도,포천시,소흘읍,경기도_포천시_소흘읍
41650310,경기도,포천시,군내면,경기도_포천시_군내면
41650320,경기도,포천시,내촌면,경기도_포천시_내촌면
41650330,경기도,포천시,가산면,경기도_포천시_가산면
41650340,경기도,포천시,신북면,경기도_포천시_신북면
41650350,경기도,포천시,창수면,경기도_포천시_창수면
41650360,경기도,포천시,영중면,경기도_포천시_영중면
41650370,경기도,포천시,일동면,경기도_포천시_일동면
41650380,경기도,포천시,이동면,경기도_포천시_이동면
41650390,경기도,포천시,영북면,경기도_포천시_영북면
41650400,경기도,포천시,관인면,경기도_포천시_관인면
41650410,경기도,포천시,화현면,경기도_포천시_화현면
41650510,경기도,포천시,포천동,경기도_포천시_포천동
41650520,경기도,포천시,선단동,경기도_포천시_선단동
41670250,경기도,여주시,가남읍,경기도_여주시_가남읍
41670310,경기도,여주시,점동면,경기도_여주시_점동면
41670320,경기도,여주시,흥천면,경기도_여주시_흥천면
41670330,경기도,여주시,금사면,경기도_여주시_금사면
41670345,경기도,여주시,세종대왕면,경기도_여주시_세종대왕면
41670350,경기도,여주시,대신면,경기도_여주시_대신면
41670360,경기도,여주시,북내면,경기도_여주시_북내면
41670370,경기도,여주시,강천면,경기도_여주시_강천면
41670380,경기도,여주시,산북면,경기도_여주시_산북면
41670510,경기도,여주시,여흥동,경기도_여주시_여흥동
41670520,경기도,여주시,중앙동,경기도_여주시_중앙동
41670530,경기도,여주시,오학동,경기도_여주시_오학동
41800250,경기도,연천군,연천읍,경기도_연천군_연천읍
41800253,경기도,연천군,전곡읍,경기도_연천군_전곡읍
41800310,경기도,연천군,군남면,경기도_연천군_군남면
41800320,경기도,연천군,청산면,경기도_연천군_청산면
41800330,경기도,연천군,백학면,경기도_연천군_백학면
41800340,경기도,연천군,미산면,경기도_연천군_미산면
41800350,경기도,연천군,왕징면,경기도_연천군_왕징면
41800360,경기도,연천군,신서면,경기도_연천군_신서면
41800370,경기도,연천군,중면,경기도_연천군_중면
41800380,경기도,연천군,장남면,경기도_연천군_장남면
41820250,경기도,가평군,가평읍,경기도_가평군_가평읍
41820310,경기도,가평군,설악면,경기도_가평군_설악면
41820325,경기도,가평군,청평면,경기도_가평군_청평면
41820330,경기도,가평군,상면,경기도_가평군_상면
41820345,경기도,가평군,조종면,경기도_가평군_조종면
41820350,경기도,가평군,북면,경기도_가평군_북면
41830250,경기도,양평군,양평읍,경기도_양평군_양평읍
41830310,경기도,양평군,강상면,경기도_양평군_강상면
41830320,경기도,양평군,강하면,경기도_양평군_강하면
41830330,경기도,양평군,양서면,경기도_양평군_양서면
41830340,경기도,양평군,옥천면,경기도_양평군_옥천면
41830350,경기도,양평군,서종면,경기도_양평군_서종면
41830360,경기도,양평군,단월면,경기도_양평군_단월면
41830370,경기도,양평군,청운면,경기도_양평군_청운면
41830380,경기도,양평군,양동면,경기도_양평군_양동면
41830395,경기도,양평군,지평면,경기도_양평군_지평면
41830400,경기도,양평군,용문면,경기도_양평군_용문면
41830410,경기도,양평군,개군면,경기도_양평군_개군면
